﻿<?xml version="1.0" encoding="utf-8" ?>
<!--Created:cb85b80c-f585-40ff-8bfc-12ff4d0e34a9-->
<App xmlns="http://schemas.microsoft.com/sharepoint/2012/app/manifest"
     Name="WordtoPDFConverter"
     ProductID="{77fbacd5-2728-425c-922a-73deed8056bc}"
     Version="1.0.0.0"
     SharePointMinVersion="15.0.0.0"
>
  <Properties>
    <Title>Word to PDF Converter</Title>
    <StartPage>~appWebUrl/Pages/Default.aspx?{StandardTokens}</StartPage>
  </Properties>

  <AppPrincipal>
    <Internal />
  </AppPrincipal>
  <RemoteEndpoints>
    <RemoteEndpoint Url="http://localhost:7000/_api/was" />
  </RemoteEndpoints>
</App>
