﻿<?xml version="1.0" encoding="utf-8"?>
<Elements xmlns="http://schemas.microsoft.com/sharepoint/">
  <Module Name="Scripts">
    <File Path="Scripts\App.js" Url="Scripts/App.js" ReplaceContent="TRUE" />
    <File Path="Scripts\jquery-1.8.2.min.js" Url="Scripts/jquery-1.8.2.min.js" ReplaceContent="TRUE" />
    <File Path="Scripts\jquery-1.8.2.js" Url="Scripts/jquery-1.8.2.js" ReplaceContent="TRUE" />
    <File Path="Scripts\jquery-1.8.2.intellisense.js" Url="Scripts/jquery-1.8.2.intellisense.js" ReplaceContent="TRUE" />
    <File Path="Scripts\SP.RequestExecutor.debug.js" Url="Scripts/SP.RequestExecutor.debug.js" ReplaceContent="TRUE" />
    <File Path="Scripts\SP.RequestExecutor.js" Url="Scripts/SP.RequestExecutor.js" ReplaceContent="TRUE" />
  </Module>
</Elements>