﻿<?xml version="1.0" encoding="utf-8"?>
<Feature xmlns="http://schemas.microsoft.com/sharepoint/" Description="SharePoint App Feature" Id="388d8313-8ded-4729-a918-e5c6507e11d6" Scope="Web" Title="Word2Pdf Feature1" Version="1.0.0.0">
  <ElementManifests>
    <ElementManifest Location="Pages\Elements.xml" />
    <ElementFile Location="Pages\Default.aspx" />
    <ElementManifest Location="Scripts\Elements.xml" />
    <ElementFile Location="Scripts\App.js" />
    <ElementFile Location="Scripts\jquery-1.8.2.min.js" />
    <ElementFile Location="Scripts\jquery-1.8.2.js" />
    <ElementFile Location="Scripts\jquery-1.8.2.intellisense.js" />
    <ElementFile Location="Scripts\SP.RequestExecutor.debug.js" />
    <ElementFile Location="Scripts\SP.RequestExecutor.js" />
    <ElementManifest Location="Content\Elements.xml" />
    <ElementFile Location="Content\App.css" />
    <ElementManifest Location="Images\Elements.xml" />
    <ElementFile Location="Images\AppIcon.png" />
  </ElementManifests>
  <UpgradeActions>
    <VersionRange>
      <ApplyElementManifests>
        <ElementManifest Location="Pages\Elements.xml" />
        <ElementManifest Location="Scripts\Elements.xml" />
        <ElementManifest Location="Content\Elements.xml" />
        <ElementManifest Location="Images\Elements.xml" />
      </ApplyElementManifests>
    </VersionRange>
  </UpgradeActions>
</Feature>